Datum;Tijd;Parameter;Locatie;Meting;Eenheid;Bemonsteringshoogte;Referentievlak;
14-4-2004;08:00:00;(massa)Concentratie nitraat in Oppervlaktewater uitgedrukt in stikstof / opgeloste fractie in mg/l;Lobith ponton;2,90;mg/l;-100;WATSGL;
28-4-2004;08:00:00;(massa)Concentratie nitraat in Oppervlaktewater uitgedrukt in stikstof / opgeloste fractie in mg/l;Lobith ponton;2,28;mg/l;-100;WATSGL;
12-5-2004;08:00:00;(massa)Concentratie nitraat in Oppervlaktewater uitgedrukt in stikstof / opgeloste fractie in mg/l;Lobith ponton;2,76;mg/l;-100;WATSGL;
26-5-2004;08:00:00;(massa)Concentratie nitraat in Oppervlaktewater uitgedrukt in stikstof / opgeloste fractie in mg/l;Lobith ponton;2,23;mg/l;-100;WATSGL;
9-6-2004;08:00:00;(massa)Concentratie nitraat in Oppervlaktewater uitgedrukt in stikstof / opgeloste fractie in mg/l;Lobith ponton;1,71;mg/l;-100;WATSGL;
23-6-2004;08:00:00;(massa)Concentratie nitraat in Oppervlaktewater uitgedrukt in stikstof / opgeloste fractie in mg/l;Lobith ponton;1,72;mg/l;-100;WATSGL;
7-7-2004;08:00:00;(massa)Concentratie nitraat in Oppervlaktewater uitgedrukt in stikstof / opgeloste fractie in mg/l;Lobith ponton;1,95;mg/l;-100;WATSGL;
21-7-2004;08:00:00;(massa)Concentratie nitraat in Oppervlaktewater uitgedrukt in stikstof / opgeloste fractie in mg/l;Lobith ponton;1,90;mg/l;-100;WATSGL;
4-8-2004;08:00:00;(massa)Concentratie nitraat in Oppervlaktewater uitgedrukt in stikstof / opgeloste fractie in mg/l;Lobith ponton;1,65;mg/l;-100;WATSGL;
18-8-2004;08:00:00;(massa)Concentratie nitraat in Oppervlaktewater uitgedrukt in stikstof / opgeloste fractie in mg/l;Lobith ponton;2,02;mg/l;-100;WATSGL;
1-9-2004;08:00:00;(massa)Concentratie nitraat in Oppervlaktewater uitgedrukt in stikstof / opgeloste fractie in mg/l;Lobith ponton;2,13;mg/l;-100;WATSGL;
15-9-2004;08:00:00;(massa)Concentratie nitraat in Oppervlaktewater uitgedrukt in stikstof / opgeloste fractie in mg/l;Lobith ponton;1,90;mg/l;-100;WATSGL;
29-9-2004;08:00:00;(massa)Concentratie nitraat in Oppervlaktewater uitgedrukt in stikstof / opgeloste fractie in mg/l;Lobith ponton;2,82;mg/l;-100;WATSGL;
13-10-2004;12:00:00;(massa)Concentratie nitraat in Oppervlaktewater uitgedrukt in stikstof / opgeloste fractie in mg/l;Lobith ponton;2,35;mg/l;-100;WATSGL;
27-10-2004;08:00:00;(massa)Concentratie nitraat in Oppervlaktewater uitgedrukt in stikstof / opgeloste fractie in mg/l;Lobith ponton;2,33;mg/l;-100;WATSGL;
10-11-2004;12:00:00;(massa)Concentratie nitraat in Oppervlaktewater uitgedrukt in stikstof / opgeloste fractie in mg/l;Lobith ponton;2,16;mg/l;-100;WATSGL;
24-11-2004;12:00:00;(massa)Concentratie nitraat in Oppervlaktewater uitgedrukt in stikstof / opgeloste fractie in mg/l;Lobith ponton;3,48;mg/l;-100;WATSGL;
8-12-2004;08:00:00;(massa)Concentratie nitraat in Oppervlaktewater uitgedrukt in stikstof / opgeloste fractie in mg/l;Lobith ponton;3,01;mg/l;-100;WATSGL;
22-12-2004;08:00:00;(massa)Concentratie nitraat in Oppervlaktewater uitgedrukt in stikstof / opgeloste fractie in mg/l;Lobith ponton;3,76;mg/l;-100;WATSGL;
5-1-2005;08:00:00;(massa)Concentratie nitraat in Oppervlaktewater uitgedrukt in stikstof / opgeloste fractie in mg/l;Lobith ponton;4,10;mg/l;-100;WATSGL;
19-1-2005;08:00:00;(massa)Concentratie nitraat in Oppervlaktewater uitgedrukt in stikstof / opgeloste fractie in mg/l;Lobith ponton;4,70;mg/l;-100;WATSGL;
2-2-2005;08:00:00;(massa)Concentratie nitraat in Oppervlaktewater uitgedrukt in stikstof / opgeloste fractie in mg/l;Lobith ponton;3,30;mg/l;-100;WATSGL;
16-2-2005;08:00:00;(massa)Concentratie nitraat in Oppervlaktewater uitgedrukt in stikstof / opgeloste fractie in mg/l;Lobith ponton;3,80;mg/l;-100;WATSGL;
2-3-2005;08:00:00;(massa)Concentratie nitraat in Oppervlaktewater uitgedrukt in stikstof / opgeloste fractie in mg/l;Lobith ponton;3,00;mg/l;-100;WATSGL;
16-3-2005;08:00:00;(massa)Concentratie nitraat in Oppervlaktewater uitgedrukt in stikstof / opgeloste fractie in mg/l;Lobith ponton;4,00;mg/l;-100;WATSGL;
30-3-2005;08:00:00;(massa)Concentratie nitraat in Oppervlaktewater uitgedrukt in stikstof / opgeloste fractie in mg/l;Lobith ponton;3,00;mg/l;-100;WATSGL;
13-4-2005;08:00:00;(massa)Concentratie nitraat in Oppervlaktewater uitgedrukt in stikstof / opgeloste fractie in mg/l;Lobith ponton;2,70;mg/l;-100;WATSGL;
27-4-2005;08:00:00;(massa)Concentratie nitraat in Oppervlaktewater uitgedrukt in stikstof / opgeloste fractie in mg/l;Lobith ponton;2,50;mg/l;-100;WATSGL;
11-5-2005;08:00:00;(massa)Concentratie nitraat in Oppervlaktewater uitgedrukt in stikstof / opgeloste fractie in mg/l;Lobith ponton;2,73;mg/l;-100;WATSGL;
25-5-2005;08:00:00;(massa)Concentratie nitraat in Oppervlaktewater uitgedrukt in stikstof / opgeloste fractie in mg/l;Lobith ponton;2,03;mg/l;-100;WATSGL;
8-6-2005;08:00:00;(massa)Concentratie nitraat in Oppervlaktewater uitgedrukt in stikstof / opgeloste fractie in mg/l;Lobith ponton;2,11;mg/l;-100;WATSGL;
22-6-2005;12:00:00;(massa)Concentratie nitraat in Oppervlaktewater uitgedrukt in stikstof / opgeloste fractie in mg/l;Lobith ponton;1,86;mg/l;-100;WATSGL;
6-7-2005;08:00:00;(massa)Concentratie nitraat in Oppervlaktewater uitgedrukt in stikstof / opgeloste fractie in mg/l;Lobith ponton;2,22;mg/l;-100;WATSGL;
20-7-2005;08:00:00;(massa)Concentratie nitraat in Oppervlaktewater uitgedrukt in stikstof / opgeloste fractie in mg/l;Lobith ponton;1,78;mg/l;-100;WATSGL;
3-8-2005;08:00:00;(massa)Concentratie nitraat in Oppervlaktewater uitgedrukt in stikstof / opgeloste fractie in mg/l;Lobith ponton;2,04;mg/l;-100;WATSGL;
17-8-2005;08:00:00;(massa)Concentratie nitraat in Oppervlaktewater uitgedrukt in stikstof / opgeloste fractie in mg/l;Lobith ponton;1,81;mg/l;-100;WATSGL;
31-8-2005;08:00:00;(massa)Concentratie nitraat in Oppervlaktewater uitgedrukt in stikstof / opgeloste fractie in mg/l;Lobith ponton;1,44;mg/l;-100;WATSGL;
14-9-2005;08:00:00;(massa)Concentratie nitraat in Oppervlaktewater uitgedrukt in stikstof / opgeloste fractie in mg/l;Lobith ponton;1,69;mg/l;-100;WATSGL;
28-9-2005;08:00:00;(massa)Concentratie nitraat in Oppervlaktewater uitgedrukt in stikstof / opgeloste fractie in mg/l;Lobith ponton;2,02;mg/l;-100;WATSGL;
12-10-2005;08:00:00;(massa)Concentratie nitraat in Oppervlaktewater uitgedrukt in stikstof / opgeloste fractie in mg/l;Lobith ponton;1,58;mg/l;-100;WATSGL;
26-10-2005;08:00:00;(massa)Concentratie nitraat in Oppervlaktewater uitgedrukt in stikstof / opgeloste fractie in mg/l;Lobith ponton;2,56;mg/l;-100;WATSGL;
9-11-2005;08:00:00;(massa)Concentratie nitraat in Oppervlaktewater uitgedrukt in stikstof / opgeloste fractie in mg/l;Lobith ponton;2,64;mg/l;-100;WATSGL;
22-11-2005;08:00:00;(massa)Concentratie nitraat in Oppervlaktewater uitgedrukt in stikstof / opgeloste fractie in mg/l;Lobith ponton;2,92;mg/l;-100;WATSGL;
7-12-2005;08:00:00;(massa)Concentratie nitraat in Oppervlaktewater uitgedrukt in stikstof / opgeloste fractie in mg/l;Lobith ponton;3,07;mg/l;-100;WATSGL;
21-12-2005;08:00:00;(massa)Concentratie nitraat in Oppervlaktewater uitgedrukt in stikstof / opgeloste fractie in mg/l;Lobith ponton;3,53;mg/l;-100;WATSGL;
4-1-2006;08:00:00;(massa)Concentratie nitraat in Oppervlaktewater uitgedrukt in stikstof / opgeloste fractie in mg/l;Lobith ponton;3,96;mg/l;-100;WATSGL;
18-1-2006;08:00:00;(massa)Concentratie nitraat in Oppervlaktewater uitgedrukt in stikstof / opgeloste fractie in mg/l;Lobith ponton;4,10;mg/l;-100;WATSGL;
1-2-2006;08:00:00;(massa)Concentratie nitraat in Oppervlaktewater uitgedrukt in stikstof / opgeloste fractie in mg/l;Lobith ponton;3,91;mg/l;-100;WATSGL;
15-2-2006;08:00:00;(massa)Concentratie nitraat in Oppervlaktewater uitgedrukt in stikstof / opgeloste fractie in mg/l;Lobith ponton;4,17;mg/l;-100;WATSGL;
1-3-2006;08:00:00;(massa)Concentratie nitraat in Oppervlaktewater uitgedrukt in stikstof / opgeloste fractie in mg/l;Lobith ponton;4,41;mg/l;-100;WATSGL;
15-3-2006;12:00:00;(massa)Concentratie nitraat in Oppervlaktewater uitgedrukt in stikstof / opgeloste fractie in mg/l;Lobith ponton;3,46;mg/l;-100;WATSGL;
29-3-2006;08:00:00;(massa)Concentratie nitraat in Oppervlaktewater uitgedrukt in stikstof / opgeloste fractie in mg/l;Lobith ponton;3,35;mg/l;-100;WATSGL;
12-4-2006;08:00:00;(massa)Concentratie nitraat in Oppervlaktewater uitgedrukt in stikstof / opgeloste fractie in mg/l;Lobith ponton;2,65;mg/l;-100;WATSGL;
26-4-2006;08:00:00;(massa)Concentratie nitraat in Oppervlaktewater uitgedrukt in stikstof / opgeloste fractie in mg/l;Lobith ponton;2,95;mg/l;-100;WATSGL;
10-5-2006;08:00:00;(massa)Concentratie nitraat in Oppervlaktewater uitgedrukt in stikstof / opgeloste fractie in mg/l;Lobith ponton;2,43;mg/l;-100;WATSGL;
23-5-2006;08:00:00;(massa)Concentratie nitraat in Oppervlaktewater uitgedrukt in stikstof / opgeloste fractie in mg/l;Lobith ponton;2,00;mg/l;-100;WATSGL;
7-6-2006;08:00:00;(massa)Concentratie nitraat in Oppervlaktewater uitgedrukt in stikstof / opgeloste fractie in mg/l;Lobith ponton;2,38;mg/l;-100;WATSGL;
21-6-2006;08:00:00;(massa)Concentratie nitraat in Oppervlaktewater uitgedrukt in stikstof / opgeloste fractie in mg/l;Lobith ponton;2,02;mg/l;-100;WATSGL;
5-7-2006;08:00:00;(massa)Concentratie nitraat in Oppervlaktewater uitgedrukt in stikstof / opgeloste fractie in mg/l;Lobith ponton;1,66;mg/l;-100;WATSGL;
19-7-2006;08:30:00;(massa)Concentratie nitraat in Oppervlaktewater uitgedrukt in stikstof / opgeloste fractie in mg/l;Lobith ponton;1,73;mg/l;-100;WATSGL;
2-8-2006;08:00:00;(massa)Concentratie nitraat in Oppervlaktewater uitgedrukt in stikstof / opgeloste fractie in mg/l;Lobith ponton;2,14;mg/l;-100;WATSGL;
16-8-2006;08:00:00;(massa)Concentratie nitraat in Oppervlaktewater uitgedrukt in stikstof / opgeloste fractie in mg/l;Lobith ponton;2,15;mg/l;-100;WATSGL;
30-8-2006;12:00:00;(massa)Concentratie nitraat in Oppervlaktewater uitgedrukt in stikstof / opgeloste fractie in mg/l;Lobith ponton;2,14;mg/l;-100;WATSGL;
13-9-2006;08:00:00;(massa)Concentratie nitraat in Oppervlaktewater uitgedrukt in stikstof / opgeloste fractie in mg/l;Lobith ponton;1,90;mg/l;-100;WATSGL;
27-9-2006;12:00:00;(massa)Concentratie nitraat in Oppervlaktewater uitgedrukt in stikstof / opgeloste fractie in mg/l;Lobith ponton;2,08;mg/l;-100;WATSGL;
11-10-2006;08:00:00;(massa)Concentratie nitraat in Oppervlaktewater uitgedrukt in stikstof / opgeloste fractie in mg/l;Lobith ponton;2,38;mg/l;-100;WATSGL;
25-10-2006;08:00:00;(massa)Concentratie nitraat in Oppervlaktewater uitgedrukt in stikstof / opgeloste fractie in mg/l;Lobith ponton;2,57;mg/l;-100;WATSGL;
8-11-2006;12:00:00;(massa)Concentratie nitraat in Oppervlaktewater uitgedrukt in stikstof / opgeloste fractie in mg/l;Lobith ponton;2,70;mg/l;-100;WATSGL;
22-11-2006;08:00:00;(massa)Concentratie nitraat in Oppervlaktewater uitgedrukt in stikstof / opgeloste fractie in mg/l;Lobith ponton;3,13;mg/l;-100;WATSGL;
6-12-2006;08:00:00;(massa)Concentratie nitraat in Oppervlaktewater uitgedrukt in stikstof / opgeloste fractie in mg/l;Lobith ponton;3,24;mg/l;-100;WATSGL;
20-12-2006;08:00:00;(massa)Concentratie nitraat in Oppervlaktewater uitgedrukt in stikstof / opgeloste fractie in mg/l;Lobith ponton;4,38;mg/l;-100;WATSGL;
3-1-2007;08:00:00;(massa)Concentratie nitraat in Oppervlaktewater uitgedrukt in stikstof / opgeloste fractie in mg/l;Lobith ponton;3,38;mg/l;-100;WATSGL;
17-1-2007;08:00:00;(massa)Concentratie nitraat in Oppervlaktewater uitgedrukt in stikstof / opgeloste fractie in mg/l;Lobith ponton;3,01;mg/l;-100;WATSGL;
31-1-2007;08:00:00;(massa)Concentratie nitraat in Oppervlaktewater uitgedrukt in stikstof / opgeloste fractie in mg/l;Lobith ponton;3,27;mg/l;-100;WATSGL;
14-2-2007;12:00:00;(massa)Concentratie nitraat in Oppervlaktewater uitgedrukt in stikstof / opgeloste fractie in mg/l;Lobith ponton;4,01;mg/l;-100;WATSGL;
28-2-2007;08:00:00;(massa)Concentratie nitraat in Oppervlaktewater uitgedrukt in stikstof / opgeloste fractie in mg/l;Lobith ponton;3,60;mg/l;-100;WATSGL;
14-3-2007;08:00:00;(massa)Concentratie nitraat in Oppervlaktewater uitgedrukt in stikstof / opgeloste fractie in mg/l;Lobith ponton;3,12;mg/l;-100;WATSGL;
28-3-2007;08:00:00;(massa)Concentratie nitraat in Oppervlaktewater uitgedrukt in stikstof / opgeloste fractie in mg/l;Lobith ponton;3,46;mg/l;-100;WATSGL;
11-4-2007;08:00:00;(massa)Concentratie nitraat in Oppervlaktewater uitgedrukt in stikstof / opgeloste fractie in mg/l;Lobith ponton;2,70;mg/l;-100;WATSGL;
25-4-2007;08:00:00;(massa)Concentratie nitraat in Oppervlaktewater uitgedrukt in stikstof / opgeloste fractie in mg/l;Lobith ponton;2,05;mg/l;-100;WATSGL;
9-5-2007;08:00:00;(massa)Concentratie nitraat in Oppervlaktewater uitgedrukt in stikstof / opgeloste fractie in mg/l;Lobith ponton;2,22;mg/l;-100;WATSGL;
23-5-2007;08:00:00;(massa)Concentratie nitraat in Oppervlaktewater uitgedrukt in stikstof / opgeloste fractie in mg/l;Lobith ponton;2,25;mg/l;-100;WATSGL;
6-6-2007;08:00:00;(massa)Concentratie nitraat in Oppervlaktewater uitgedrukt in stikstof / opgeloste fractie in mg/l;Lobith ponton;2,68;mg/l;-100;WATSGL;
20-6-2007;09:00:00;(massa)Concentratie nitraat in Oppervlaktewater uitgedrukt in stikstof / opgeloste fractie in mg/l;Lobith ponton;1,85;mg/l;-100;WATSGL;
4-7-2007;08:00:00;(massa)Concentratie nitraat in Oppervlaktewater uitgedrukt in stikstof / opgeloste fractie in mg/l;Lobith ponton;1,95;mg/l;-100;WATSGL;
18-7-2007;08:00:00;(massa)Concentratie nitraat in Oppervlaktewater uitgedrukt in stikstof / opgeloste fractie in mg/l;Lobith ponton;1,64;mg/l;-100;WATSGL;
1-8-2007;08:00:00;(massa)Concentratie nitraat in Oppervlaktewater uitgedrukt in stikstof / opgeloste fractie in mg/l;Lobith ponton;1,99;mg/l;-100;WATSGL;
15-8-2007;08:00:00;(massa)Concentratie nitraat in Oppervlaktewater uitgedrukt in stikstof / opgeloste fractie in mg/l;Lobith ponton;1,62;mg/l;-100;WATSGL;
29-8-2007;08:00:00;(massa)Concentratie nitraat in Oppervlaktewater uitgedrukt in stikstof / opgeloste fractie in mg/l;Lobith ponton;1,86;mg/l;-100;WATSGL;
12-9-2007;08:00:00;(massa)Concentratie nitraat in Oppervlaktewater uitgedrukt in stikstof / opgeloste fractie in mg/l;Lobith ponton;3,77;mg/l;-100;WATSGL;
26-9-2007;08:00:00;(massa)Concentratie nitraat in Oppervlaktewater uitgedrukt in stikstof / opgeloste fractie in mg/l;Lobith ponton;2,00;mg/l;-100;WATSGL;
10-10-2007;08:00:00;(massa)Concentratie nitraat in Oppervlaktewater uitgedrukt in stikstof / opgeloste fractie in mg/l;Lobith ponton;2,76;mg/l;-100;WATSGL;
24-10-2007;08:00:00;(massa)Concentratie nitraat in Oppervlaktewater uitgedrukt in stikstof / opgeloste fractie in mg/l;Lobith ponton;2,81;mg/l;-100;WATSGL;
7-11-2007;08:00:00;(massa)Concentratie nitraat in Oppervlaktewater uitgedrukt in stikstof / opgeloste fractie in mg/l;Lobith ponton;3,38;mg/l;-100;WATSGL;
21-11-2007;08:00:00;(massa)Concentratie nitraat in Oppervlaktewater uitgedrukt in stikstof / opgeloste fractie in mg/l;Lobith ponton;3,34;mg/l;-100;WATSGL;
5-12-2007;08:00:00;(massa)Concentratie nitraat in Oppervlaktewater uitgedrukt in stikstof / opgeloste fractie in mg/l;Lobith ponton;3,33;mg/l;-100;WATSGL;
19-12-2007;08:00:00;(massa)Concentratie nitraat in Oppervlaktewater uitgedrukt in stikstof / opgeloste fractie in mg/l;Lobith ponton;2,81;mg/l;-100;WATSGL;
2-1-2008;08:00:00;(massa)Concentratie nitraat in Oppervlaktewater uitgedrukt in stikstof / opgeloste fractie in mg/l;Lobith ponton;3,74;mg/l;-100;WATSGL;
16-1-2008;08:00:00;(massa)Concentratie nitraat in Oppervlaktewater uitgedrukt in stikstof / opgeloste fractie in mg/l;Lobith ponton;2,91;mg/l;-100;WATSGL;
30-1-2008;08:00:00;(massa)Concentratie nitraat in Oppervlaktewater uitgedrukt in stikstof / opgeloste fractie in mg/l;Lobith ponton;3,34;mg/l;-100;WATSGL;
13-2-2008;08:00:00;(massa)Concentratie nitraat in Oppervlaktewater uitgedrukt in stikstof / opgeloste fractie in mg/l;Lobith ponton;3,31;mg/l;-100;WATSGL;
27-2-2008;08:00:00;(massa)Concentratie nitraat in Oppervlaktewater uitgedrukt in stikstof / opgeloste fractie in mg/l;Lobith ponton;3,43;mg/l;-100;WATSGL;
12-3-2008;08:00:00;(massa)Concentratie nitraat in Oppervlaktewater uitgedrukt in stikstof / opgeloste fractie in mg/l;Lobith ponton;3,45;mg/l;-100;WATSGL;
26-3-2008;08:00:00;(massa)Concentratie nitraat in Oppervlaktewater uitgedrukt in stikstof / opgeloste fractie in mg/l;Lobith ponton;3,28;mg/l;-100;WATSGL;
9-4-2008;08:00:00;(massa)Concentratie nitraat in Oppervlaktewater uitgedrukt in stikstof / opgeloste fractie in mg/l;Lobith ponton;3,02;mg/l;-100;WATSGL;
23-4-2008;08:00:00;(massa)Concentratie nitraat in Oppervlaktewater uitgedrukt in stikstof / opgeloste fractie in mg/l;Lobith ponton;2,89;mg/l;-100;WATSGL;
7-5-2008;08:00:00;(massa)Concentratie nitraat in Oppervlaktewater uitgedrukt in stikstof / opgeloste fractie in mg/l;Lobith ponton;2,30;mg/l;-100;WATSGL;
21-5-2008;08:00:00;(massa)Concentratie nitraat in Oppervlaktewater uitgedrukt in stikstof / opgeloste fractie in mg/l;Lobith ponton;2,07;mg/l;-100;WATSGL;
4-6-2008;08:00:00;(massa)Concentratie nitraat in Oppervlaktewater uitgedrukt in stikstof / opgeloste fractie in mg/l;Lobith ponton;2,48;mg/l;-100;WATSGL;
18-6-2008;08:00:00;(massa)Concentratie nitraat in Oppervlaktewater uitgedrukt in stikstof / opgeloste fractie in mg/l;Lobith ponton;2,03;mg/l;-100;WATSGL;
2-7-2008;08:00:00;(massa)Concentratie nitraat in Oppervlaktewater uitgedrukt in stikstof / opgeloste fractie in mg/l;Lobith ponton;1,63;mg/l;-100;WATSGL;
16-7-2008;08:00:00;(massa)Concentratie nitraat in Oppervlaktewater uitgedrukt in stikstof / opgeloste fractie in mg/l;Lobith ponton;1,77;mg/l;-100;WATSGL;
30-7-2008;08:00:00;(massa)Concentratie nitraat in Oppervlaktewater uitgedrukt in stikstof / opgeloste fractie in mg/l;Lobith ponton;1,68;mg/l;-100;WATSGL;
13-8-2008;08:00:00;(massa)Concentratie nitraat in Oppervlaktewater uitgedrukt in stikstof / opgeloste fractie in mg/l;Lobith ponton;1,99;mg/l;-100;WATSGL;
27-8-2008;08:00:00;(massa)Concentratie nitraat in Oppervlaktewater uitgedrukt in stikstof / opgeloste fractie in mg/l;Lobith ponton;1,70;mg/l;-100;WATSGL;
10-9-2008;08:00:00;(massa)Concentratie nitraat in Oppervlaktewater uitgedrukt in stikstof / opgeloste fractie in mg/l;Lobith ponton;1,84;mg/l;-100;WATSGL;
24-9-2008;08:00:00;(massa)Concentratie nitraat in Oppervlaktewater uitgedrukt in stikstof / opgeloste fractie in mg/l;Lobith ponton;1,71;mg/l;-100;WATSGL;
8-10-2008;08:00:00;(massa)Concentratie nitraat in Oppervlaktewater uitgedrukt in stikstof / opgeloste fractie in mg/l;Lobith ponton;2,37;mg/l;-100;WATSGL;
22-10-2008;08:00:00;(massa)Concentratie nitraat in Oppervlaktewater uitgedrukt in stikstof / opgeloste fractie in mg/l;Lobith ponton;2,18;mg/l;-100;WATSGL;
5-11-2008;08:00:00;(massa)Concentratie nitraat in Oppervlaktewater uitgedrukt in stikstof / opgeloste fractie in mg/l;Lobith ponton;2,26;mg/l;-100;WATSGL;
19-11-2008;08:00:00;(massa)Concentratie nitraat in Oppervlaktewater uitgedrukt in stikstof / opgeloste fractie in mg/l;Lobith ponton;2,39;mg/l;-100;WATSGL;
3-12-2008;08:00:00;(massa)Concentratie nitraat in Oppervlaktewater uitgedrukt in stikstof / opgeloste fractie in mg/l;Lobith ponton;2,48;mg/l;-100;WATSGL;
17-12-2008;08:00:00;(massa)Concentratie nitraat in Oppervlaktewater uitgedrukt in stikstof / opgeloste fractie in mg/l;Lobith ponton;2,93;mg/l;-100;WATSGL;
30-12-2008;08:00:00;(massa)Concentratie nitraat in Oppervlaktewater uitgedrukt in stikstof / opgeloste fractie in mg/l;Lobith ponton;2,98;mg/l;-100;WATSGL;
14-1-2009;08:00:00;(massa)Concentratie nitraat in Oppervlaktewater uitgedrukt in stikstof / opgeloste fractie in mg/l;Lobith ponton;2,99;mg/l;-100;WATSGL;
28-1-2009;08:00:00;(massa)Concentratie nitraat in Oppervlaktewater uitgedrukt in stikstof / opgeloste fractie in mg/l;Lobith ponton;3,36;mg/l;-100;WATSGL;
11-2-2009;08:00:00;(massa)Concentratie nitraat in Oppervlaktewater uitgedrukt in stikstof / opgeloste fractie in mg/l;Lobith ponton;3,58;mg/l;-100;WATSGL;
25-2-2009;08:00:00;(massa)Concentratie nitraat in Oppervlaktewater uitgedrukt in stikstof / opgeloste fractie in mg/l;Lobith ponton;3,73;mg/l;-100;WATSGL;
11-3-2009;08:00:00;(massa)Concentratie nitraat in Oppervlaktewater uitgedrukt in stikstof / opgeloste fractie in mg/l;Lobith ponton;3,38;mg/l;-100;WATSGL;
25-3-2009;07:50:00;(massa)Concentratie nitraat in Oppervlaktewater uitgedrukt in stikstof / opgeloste fractie in mg/l;Lobith ponton;3,03;mg/l;-100;WATSGL;
8-4-2009;08:00:00;(massa)Concentratie nitraat in Oppervlaktewater uitgedrukt in stikstof / opgeloste fractie in mg/l;Lobith ponton;2,55;mg/l;-100;WATSGL;
22-4-2009;08:00:00;(massa)Concentratie nitraat in Oppervlaktewater uitgedrukt in stikstof / opgeloste fractie in mg/l;Lobith ponton;2,26;mg/l;-100;WATSGL;
6-5-2009;08:00:00;(massa)Concentratie nitraat in Oppervlaktewater uitgedrukt in stikstof / opgeloste fractie in mg/l;Lobith ponton;2,12;mg/l;-100;WATSGL;
20-5-2009;07:50:00;(massa)Concentratie nitraat in Oppervlaktewater uitgedrukt in stikstof / opgeloste fractie in mg/l;Lobith ponton;2,51;mg/l;-100;WATSGL;
3-6-2009;08:00:00;(massa)Concentratie nitraat in Oppervlaktewater uitgedrukt in stikstof / opgeloste fractie in mg/l;Lobith ponton;1,80;mg/l;-100;WATSGL;
17-6-2009;08:00:00;(massa)Concentratie nitraat in Oppervlaktewater uitgedrukt in stikstof / opgeloste fractie in mg/l;Lobith ponton;1,79;mg/l;-100;WATSGL;
1-7-2009;08:00:00;(massa)Concentratie nitraat in Oppervlaktewater uitgedrukt in stikstof / opgeloste fractie in mg/l;Lobith ponton;1,55;mg/l;-100;WATSGL;
15-7-2009;08:15:00;(massa)Concentratie nitraat in Oppervlaktewater uitgedrukt in stikstof / opgeloste fractie in mg/l;Lobith ponton;1,62;mg/l;-100;WATSGL;
29-7-2009;07:30:00;(massa)Concentratie nitraat in Oppervlaktewater uitgedrukt in stikstof / opgeloste fractie in mg/l;Lobith ponton;1,50;mg/l;-100;WATSGL;
12-8-2009;08:00:00;(massa)Concentratie nitraat in Oppervlaktewater uitgedrukt in stikstof / opgeloste fractie in mg/l;Lobith ponton;1,39;mg/l;-100;WATSGL;
26-8-2009;07:30:00;(massa)Concentratie nitraat in Oppervlaktewater uitgedrukt in stikstof / opgeloste fractie in mg/l;Lobith ponton;1,53;mg/l;-100;WATSGL;
9-9-2009;08:00:00;(massa)Concentratie nitraat in Oppervlaktewater uitgedrukt in stikstof / opgeloste fractie in mg/l;Lobith ponton;2,16;mg/l;-100;WATSGL;
23-9-2009;07:30:00;(massa)Concentratie nitraat in Oppervlaktewater uitgedrukt in stikstof / opgeloste fractie in mg/l;Lobith ponton;1,98;mg/l;-100;WATSGL;
7-10-2009;08:00:00;(massa)Concentratie nitraat in Oppervlaktewater uitgedrukt in stikstof / opgeloste fractie in mg/l;Lobith ponton;2,11;mg/l;-100;WATSGL;
21-10-2009;08:00:00;(massa)Concentratie nitraat in Oppervlaktewater uitgedrukt in stikstof / opgeloste fractie in mg/l;Lobith ponton;2,32;mg/l;-100;WATSGL;
4-11-2009;08:00:00;(massa)Concentratie nitraat in Oppervlaktewater uitgedrukt in stikstof / opgeloste fractie in mg/l;Lobith ponton;2,24;mg/l;-100;WATSGL;
18-11-2009;08:00:00;(massa)Concentratie nitraat in Oppervlaktewater uitgedrukt in stikstof / opgeloste fractie in mg/l;Lobith ponton;2,41;mg/l;-100;WATSGL;
2-12-2009;08:00:00;(massa)Concentratie nitraat in Oppervlaktewater uitgedrukt in stikstof / opgeloste fractie in mg/l;Lobith ponton;3,21;mg/l;-100;WATSGL;
16-12-2009;08:00:00;(massa)Concentratie nitraat in Oppervlaktewater uitgedrukt in stikstof / opgeloste fractie in mg/l;Lobith ponton;3,65;mg/l;-100;WATSGL;
30-12-2009;08:15:00;(massa)Concentratie nitraat in Oppervlaktewater uitgedrukt in stikstof / opgeloste fractie in mg/l;Lobith ponton;3,25;mg/l;-100;WATSGL;
13-1-2010;08:00:00;(massa)Concentratie nitraat in Oppervlaktewater uitgedrukt in stikstof / opgeloste fractie in mg/l;Lobith ponton;2,99;mg/l;-100;WATSGL;
27-1-2010;08:00:00;(massa)Concentratie nitraat in Oppervlaktewater uitgedrukt in stikstof / opgeloste fractie in mg/l;Lobith ponton;3,22;mg/l;-100;WATSGL;
10-2-2010;08:00:00;(massa)Concentratie nitraat in Oppervlaktewater uitgedrukt in stikstof / opgeloste fractie in mg/l;Lobith ponton;3,82;mg/l;-100;WATSGL;
24-2-2010;08:00:00;(massa)Concentratie nitraat in Oppervlaktewater uitgedrukt in stikstof / opgeloste fractie in mg/l;Lobith ponton;3,52;mg/l;-100;WATSGL;
10-3-2010;08:00:00;(massa)Concentratie nitraat in Oppervlaktewater uitgedrukt in stikstof / opgeloste fractie in mg/l;Lobith ponton;3,30;mg/l;-100;WATSGL;
24-3-2010;08:00:00;(massa)Concentratie nitraat in Oppervlaktewater uitgedrukt in stikstof / opgeloste fractie in mg/l;Lobith ponton;3,48;mg/l;-100;WATSGL;
7-4-2010;07:45:00;(massa)Concentratie nitraat in Oppervlaktewater uitgedrukt in stikstof / opgeloste fractie in mg/l;Lobith ponton;2,81;mg/l;-100;WATSGL;
21-4-2010;08:00:00;(massa)Concentratie nitraat in Oppervlaktewater uitgedrukt in stikstof / opgeloste fractie in mg/l;Lobith ponton;2,46;mg/l;-100;WATSGL;
6-5-2010;07:30:00;(massa)Concentratie nitraat in Oppervlaktewater uitgedrukt in stikstof / opgeloste fractie in mg/l;Lobith ponton;2,15;mg/l;-100;WATSGL;
19-5-2010;07:45:00;(massa)Concentratie nitraat in Oppervlaktewater uitgedrukt in stikstof / opgeloste fractie in mg/l;Lobith ponton;2,29;mg/l;-100;WATSGL;
2-6-2010;08:00:00;(massa)Concentratie nitraat in Oppervlaktewater uitgedrukt in stikstof / opgeloste fractie in mg/l;Lobith ponton;2,20;mg/l;-100;WATSGL;
16-6-2010;08:00:00;(massa)Concentratie nitraat in Oppervlaktewater uitgedrukt in stikstof / opgeloste fractie in mg/l;Lobith ponton;1,85;mg/l;-100;WATSGL;
30-6-2010;07:50:00;(massa)Concentratie nitraat in Oppervlaktewater uitgedrukt in stikstof / opgeloste fractie in mg/l;Lobith ponton;1,57;mg/l;-100;WATSGL;
14-7-2010;07:30:00;(massa)Concentratie nitraat in Oppervlaktewater uitgedrukt in stikstof / opgeloste fractie in mg/l;Lobith ponton;1,53;mg/l;-100;WATSGL;
28-7-2010;07:45:00;(massa)Concentratie nitraat in Oppervlaktewater uitgedrukt in stikstof / opgeloste fractie in mg/l;Lobith ponton;2,04;mg/l;-100;WATSGL;
11-8-2010;08:00:00;(massa)Concentratie nitraat in Oppervlaktewater uitgedrukt in stikstof / opgeloste fractie in mg/l;Lobith ponton;1,44;mg/l;-100;WATSGL;
25-8-2010;08:00:00;(massa)Concentratie nitraat in Oppervlaktewater uitgedrukt in stikstof / opgeloste fractie in mg/l;Lobith ponton;1,63;mg/l;-100;WATSGL;
8-9-2010;08:00:00;(massa)Concentratie nitraat in Oppervlaktewater uitgedrukt in stikstof / opgeloste fractie in mg/l;Lobith ponton;1,88;mg/l;-100;WATSGL;
22-9-2010;08:00:00;(massa)Concentratie nitraat in Oppervlaktewater uitgedrukt in stikstof / opgeloste fractie in mg/l;Lobith ponton;1,87;mg/l;-100;WATSGL;
6-10-2010;08:00:00;(massa)Concentratie nitraat in Oppervlaktewater uitgedrukt in stikstof / opgeloste fractie in mg/l;Lobith ponton;1,94;mg/l;-100;WATSGL;
20-10-2010;07:45:00;(massa)Concentratie nitraat in Oppervlaktewater uitgedrukt in stikstof / opgeloste fractie in mg/l;Lobith ponton;2,16;mg/l;-100;WATSGL;
3-11-2010;07:50:00;(massa)Concentratie nitraat in Oppervlaktewater uitgedrukt in stikstof / opgeloste fractie in mg/l;Lobith ponton;2,26;mg/l;-100;WATSGL;
17-11-2010;08:00:00;(massa)Concentratie nitraat in Oppervlaktewater uitgedrukt in stikstof / opgeloste fractie in mg/l;Lobith ponton;3,41;mg/l;-100;WATSGL;
1-12-2010;07:55:00;(massa)Concentratie nitraat in Oppervlaktewater uitgedrukt in stikstof / opgeloste fractie in mg/l;Lobith ponton;2,86;mg/l;-100;WATSGL;
15-12-2010;08:00:00;(massa)Concentratie nitraat in Oppervlaktewater uitgedrukt in stikstof / opgeloste fractie in mg/l;Lobith ponton;3,15;mg/l;-100;WATSGL;
29-12-2010;07:55:00;(massa)Concentratie nitraat in Oppervlaktewater uitgedrukt in stikstof / opgeloste fractie in mg/l;Lobith ponton;3,05;mg/l;-100;WATSGL;
12-1-2011;08:00:00;(massa)Concentratie nitraat in Oppervlaktewater uitgedrukt in stikstof / opgeloste fractie in mg/l;Lobith ponton;3,90;mg/l;-100;WATSGL;
26-1-2011;08:01:00;(massa)Concentratie nitraat in Oppervlaktewater uitgedrukt in stikstof / opgeloste fractie in mg/l;Lobith ponton;3,31;mg/l;-100;WATSGL;
9-2-2011;08:00:00;(massa)Concentratie nitraat in Oppervlaktewater uitgedrukt in stikstof / opgeloste fractie in mg/l;Lobith ponton;3,43;mg/l;-100;WATSGL;
23-2-2011;08:00:00;(massa)Concentratie nitraat in Oppervlaktewater uitgedrukt in stikstof / opgeloste fractie in mg/l;Lobith ponton;3,69;mg/l;-100;WATSGL;
9-3-2011;07:35:00;(massa)Concentratie nitraat in Oppervlaktewater uitgedrukt in stikstof / opgeloste fractie in mg/l;Lobith ponton;3,84;mg/l;-100;WATSGL;
23-3-2011;08:00:00;(massa)Concentratie nitraat in Oppervlaktewater uitgedrukt in stikstof / opgeloste fractie in mg/l;Lobith ponton;3,14;mg/l;-100;WATSGL;
6-4-2011;08:00:00;(massa)Concentratie nitraat in Oppervlaktewater uitgedrukt in stikstof / opgeloste fractie in mg/l;Lobith ponton;3,04;mg/l;-100;WATSGL;
20-4-2011;07:45:00;(massa)Concentratie nitraat in Oppervlaktewater uitgedrukt in stikstof / opgeloste fractie in mg/l;Lobith ponton;1,78;mg/l;-100;WATSGL;
3-5-2011;08:00:00;(massa)Concentratie nitraat in Oppervlaktewater uitgedrukt in stikstof / opgeloste fractie in mg/l;Lobith ponton;1,24;mg/l;-100;WATSGL;
18-5-2011;08:00:00;(massa)Concentratie nitraat in Oppervlaktewater uitgedrukt in stikstof / opgeloste fractie in mg/l;Lobith ponton;1,83;mg/l;-100;WATSGL;
31-5-2011;07:45:00;(massa)Concentratie nitraat in Oppervlaktewater uitgedrukt in stikstof / opgeloste fractie in mg/l;Lobith ponton;1,20;mg/l;-100;WATSGL;
15-6-2011;08:00:00;(massa)Concentratie nitraat in Oppervlaktewater uitgedrukt in stikstof / opgeloste fractie in mg/l;Lobith ponton;1,82;mg/l;-100;WATSGL;
29-6-2011;08:00:00;(massa)Concentratie nitraat in Oppervlaktewater uitgedrukt in stikstof / opgeloste fractie in mg/l;Lobith ponton;1,49;mg/l;-100;WATSGL;
13-7-2011;08:00:00;(massa)Concentratie nitraat in Oppervlaktewater uitgedrukt in stikstof / opgeloste fractie in mg/l;Lobith ponton;1,40;mg/l;-100;WATSGL;
27-7-2011;08:00:00;(massa)Concentratie nitraat in Oppervlaktewater uitgedrukt in stikstof / opgeloste fractie in mg/l;Lobith ponton;1,78;mg/l;-100;WATSGL;
10-8-2011;08:00:00;(massa)Concentratie nitraat in Oppervlaktewater uitgedrukt in stikstof / opgeloste fractie in mg/l;Lobith ponton;1,69;mg/l;-100;WATSGL;
24-8-2011;08:00:00;(massa)Concentratie nitraat in Oppervlaktewater uitgedrukt in stikstof / opgeloste fractie in mg/l;Lobith ponton;1,98;mg/l;-100;WATSGL;
7-9-2011;08:00:00;(massa)Concentratie nitraat in Oppervlaktewater uitgedrukt in stikstof / opgeloste fractie in mg/l;Lobith ponton;1,56;mg/l;-100;WATSGL;
21-9-2011;08:00:00;(massa)Concentratie nitraat in Oppervlaktewater uitgedrukt in stikstof / opgeloste fractie in mg/l;Lobith ponton;1,87;mg/l;-100;WATSGL;
5-10-2011;08:00:00;(massa)Concentratie nitraat in Oppervlaktewater uitgedrukt in stikstof / opgeloste fractie in mg/l;Lobith ponton;1,75;mg/l;-100;WATSGL;
19-10-2011;08:00:00;(massa)Concentratie nitraat in Oppervlaktewater uitgedrukt in stikstof / opgeloste fractie in mg/l;Lobith ponton;1,72;mg/l;-100;WATSGL;
2-11-2011;08:00:00;(massa)Concentratie nitraat in Oppervlaktewater uitgedrukt in stikstof / opgeloste fractie in mg/l;Lobith ponton;1,82;mg/l;-100;WATSGL;
16-11-2011;08:00:00;(massa)Concentratie nitraat in Oppervlaktewater uitgedrukt in stikstof / opgeloste fractie in mg/l;Lobith ponton;2,49;mg/l;-100;WATSGL;
30-11-2011;08:00:00;(massa)Concentratie nitraat in Oppervlaktewater uitgedrukt in stikstof / opgeloste fractie in mg/l;Lobith ponton;2,43;mg/l;-100;WATSGL;
14-12-2011;08:00:00;(massa)Concentratie nitraat in Oppervlaktewater uitgedrukt in stikstof / opgeloste fractie in mg/l;Lobith ponton;2,65;mg/l;-100;WATSGL;
28-12-2011;08:00:00;(massa)Concentratie nitraat in Oppervlaktewater uitgedrukt in stikstof / opgeloste fractie in mg/l;Lobith ponton;1,98;mg/l;-100;WATSGL;
11-1-2012;08:00:00;(massa)Concentratie nitraat in Oppervlaktewater uitgedrukt in stikstof / opgeloste fractie in mg/l;Lobith ponton;3,00;mg/l;-100;WATSGL;
25-1-2012;08:00:00;(massa)Concentratie nitraat in Oppervlaktewater uitgedrukt in stikstof / opgeloste fractie in mg/l;Lobith ponton;3,24;mg/l;-100;WATSGL;
8-2-2012;08:00:00;(massa)Concentratie nitraat in Oppervlaktewater uitgedrukt in stikstof / opgeloste fractie in mg/l;Lobith ponton;3,01;mg/l;-100;WATSGL;
22-2-2012;08:00:00;(massa)Concentratie nitraat in Oppervlaktewater uitgedrukt in stikstof / opgeloste fractie in mg/l;Lobith ponton;3,17;mg/l;-100;WATSGL;
7-3-2012;08:00:00;(massa)Concentratie nitraat in Oppervlaktewater uitgedrukt in stikstof / opgeloste fractie in mg/l;Lobith ponton;3,28;mg/l;-100;WATSGL;
21-3-2012;08:00:00;(massa)Concentratie nitraat in Oppervlaktewater uitgedrukt in stikstof / opgeloste fractie in mg/l;Lobith ponton;2,44;mg/l;-100;WATSGL;
4-4-2012;08:00:00;(massa)Concentratie nitraat in Oppervlaktewater uitgedrukt in stikstof / opgeloste fractie in mg/l;Lobith ponton;2,16;mg/l;-100;WATSGL;
18-4-2012;08:00:00;(massa)Concentratie nitraat in Oppervlaktewater uitgedrukt in stikstof / opgeloste fractie in mg/l;Lobith ponton;1,94;mg/l;-100;WATSGL;
2-5-2012;08:00:00;(massa)Concentratie nitraat in Oppervlaktewater uitgedrukt in stikstof / opgeloste fractie in mg/l;Lobith ponton;2,11;mg/l;-100;WATSGL;
15-5-2012;08:00:00;(massa)Concentratie nitraat in Oppervlaktewater uitgedrukt in stikstof / opgeloste fractie in mg/l;Lobith ponton;1,67;mg/l;-100;WATSGL;
30-5-2012;07:30:00;(massa)Concentratie nitraat in Oppervlaktewater uitgedrukt in stikstof / opgeloste fractie in mg/l;Lobith ponton;1,38;mg/l;-100;WATSGL;
13-6-2012;08:00:00;(massa)Concentratie nitraat in Oppervlaktewater uitgedrukt in stikstof / opgeloste fractie in mg/l;Lobith ponton;1,61;mg/l;-100;WATSGL;
27-6-2012;07:30:00;(massa)Concentratie nitraat in Oppervlaktewater uitgedrukt in stikstof / opgeloste fractie in mg/l;Lobith ponton;1,46;mg/l;-100;WATSGL;
11-7-2012;08:00:00;(massa)Concentratie nitraat in Oppervlaktewater uitgedrukt in stikstof / opgeloste fractie in mg/l;Lobith ponton;1,55;mg/l;-100;WATSGL;
25-7-2012;07:45:00;(massa)Concentratie nitraat in Oppervlaktewater uitgedrukt in stikstof / opgeloste fractie in mg/l;Lobith ponton;1,56;mg/l;-100;WATSGL;
8-8-2012;08:00:00;(massa)Concentratie nitraat in Oppervlaktewater uitgedrukt in stikstof / opgeloste fractie in mg/l;Lobith ponton;1,02;mg/l;-100;WATSGL;
22-8-2012;08:00:00;(massa)Concentratie nitraat in Oppervlaktewater uitgedrukt in stikstof / opgeloste fractie in mg/l;Lobith ponton;1,50;mg/l;-100;WATSGL;
5-9-2012;07:45:00;(massa)Concentratie nitraat in Oppervlaktewater uitgedrukt in stikstof / opgeloste fractie in mg/l;Lobith ponton;1,53;mg/l;-100;WATSGL;
19-9-2012;08:00:00;(massa)Concentratie nitraat in Oppervlaktewater uitgedrukt in stikstof / opgeloste fractie in mg/l;Lobith ponton;1,61;mg/l;-100;WATSGL;
3-10-2012;08:00:00;(massa)Concentratie nitraat in Oppervlaktewater uitgedrukt in stikstof / opgeloste fractie in mg/l;Lobith ponton;1,63;mg/l;-100;WATSGL;
17-10-2012;08:00:00;(massa)Concentratie nitraat in Oppervlaktewater uitgedrukt in stikstof / opgeloste fractie in mg/l;Lobith ponton;1,78;mg/l;-100;WATSGL;
31-10-2012;08:00:00;(massa)Concentratie nitraat in Oppervlaktewater uitgedrukt in stikstof / opgeloste fractie in mg/l;Lobith ponton;1,93;mg/l;-100;WATSGL;
14-11-2012;08:00:00;(massa)Concentratie nitraat in Oppervlaktewater uitgedrukt in stikstof / opgeloste fractie in mg/l;Lobith ponton;2,49;mg/l;-100;WATSGL;
28-11-2012;08:00:00;(massa)Concentratie nitraat in Oppervlaktewater uitgedrukt in stikstof / opgeloste fractie in mg/l;Lobith ponton;2,46;mg/l;-100;WATSGL;
12-12-2012;08:00:00;(massa)Concentratie nitraat in Oppervlaktewater uitgedrukt in stikstof / opgeloste fractie in mg/l;Lobith ponton;2,74;mg/l;-100;WATSGL;
27-12-2012;08:00:00;(massa)Concentratie nitraat in Oppervlaktewater uitgedrukt in stikstof / opgeloste fractie in mg/l;Lobith ponton;3,14;mg/l;-100;WATSGL;
9-1-2013;08:00:00;(massa)Concentratie nitraat in Oppervlaktewater uitgedrukt in stikstof / opgeloste fractie in mg/l;Lobith ponton;3,07;mg/l;-100;WATSGL;
23-1-2013;08:00:00;(massa)Concentratie nitraat in Oppervlaktewater uitgedrukt in stikstof / opgeloste fractie in mg/l;Lobith ponton;3,07;mg/l;-100;WATSGL;
6-2-2013;08:00:00;(massa)Concentratie nitraat in Oppervlaktewater uitgedrukt in stikstof / opgeloste fractie in mg/l;Lobith ponton;3,29;mg/l;-100;WATSGL;
20-2-2013;08:00:00;(massa)Concentratie nitraat in Oppervlaktewater uitgedrukt in stikstof / opgeloste fractie in mg/l;Lobith ponton;3,02;mg/l;-100;WATSGL;
6-3-2013;08:00:00;(massa)Concentratie nitraat in Oppervlaktewater uitgedrukt in stikstof / opgeloste fractie in mg/l;Lobith ponton;3,39;mg/l;-100;WATSGL;
20-3-2013;08:00:00;(massa)Concentratie nitraat in Oppervlaktewater uitgedrukt in stikstof / opgeloste fractie in mg/l;Lobith ponton;3,00;mg/l;-100;WATSGL;
3-4-2013;08:00:00;(massa)Concentratie nitraat in Oppervlaktewater uitgedrukt in stikstof / opgeloste fractie in mg/l;Lobith ponton;3,08;mg/l;-100;WATSGL;
17-4-2013;08:00:00;(massa)Concentratie nitraat in Oppervlaktewater uitgedrukt in stikstof / opgeloste fractie in mg/l;Lobith ponton;2,72;mg/l;-100;WATSGL;
1-5-2013;08:00:00;(massa)Concentratie nitraat in Oppervlaktewater uitgedrukt in stikstof / opgeloste fractie in mg/l;Lobith ponton;2,46;mg/l;-100;WATSGL;
15-5-2013;07:45:00;(massa)Concentratie nitraat in Oppervlaktewater uitgedrukt in stikstof / opgeloste fractie in mg/l;Lobith ponton;2,11;mg/l;-100;WATSGL;
29-5-2013;08:00:00;(massa)Concentratie nitraat in Oppervlaktewater uitgedrukt in stikstof / opgeloste fractie in mg/l;Lobith ponton;2,43;mg/l;-100;WATSGL;
12-6-2013;08:00:00;(massa)Concentratie nitraat in Oppervlaktewater uitgedrukt in stikstof / opgeloste fractie in mg/l;Lobith ponton;2,02;mg/l;-100;WATSGL;
26-6-2013;08:00:00;(massa)Concentratie nitraat in Oppervlaktewater uitgedrukt in stikstof / opgeloste fractie in mg/l;Lobith ponton;1,94;mg/l;-100;WATSGL;
10-7-2013;08:00:00;(massa)Concentratie nitraat in Oppervlaktewater uitgedrukt in stikstof / opgeloste fractie in mg/l;Lobith ponton;1,62;mg/l;-100;WATSGL;
24-7-2013;08:00:00;(massa)Concentratie nitraat in Oppervlaktewater uitgedrukt in stikstof / opgeloste fractie in mg/l;Lobith ponton;1,33;mg/l;-100;WATSGL;
7-8-2013;08:00:00;(massa)Concentratie nitraat in Oppervlaktewater uitgedrukt in stikstof / opgeloste fractie in mg/l;Lobith ponton;1,54;mg/l;-100;WATSGL;
21-8-2013;08:00:00;(massa)Concentratie nitraat in Oppervlaktewater uitgedrukt in stikstof / opgeloste fractie in mg/l;Lobith ponton;1,65;mg/l;-100;WATSGL;
4-9-2013;08:00:00;(massa)Concentratie nitraat in Oppervlaktewater uitgedrukt in stikstof / opgeloste fractie in mg/l;Lobith ponton;1,86;mg/l;-100;WATSGL;
18-9-2013;08:00:00;(massa)Concentratie nitraat in Oppervlaktewater uitgedrukt in stikstof / opgeloste fractie in mg/l;Lobith ponton;2,25;mg/l;-100;WATSGL;
2-10-2013;08:10:00;(massa)Concentratie nitraat in Oppervlaktewater uitgedrukt in stikstof / opgeloste fractie in mg/l;Lobith ponton;1,90;mg/l;-100;WATSGL;
16-10-2013;08:00:00;(massa)Concentratie nitraat in Oppervlaktewater uitgedrukt in stikstof / opgeloste fractie in mg/l;Lobith ponton;2,37;mg/l;-100;WATSGL;
30-10-2013;08:00:00;(massa)Concentratie nitraat in Oppervlaktewater uitgedrukt in stikstof / opgeloste fractie in mg/l;Lobith ponton;2,58;mg/l;-100;WATSGL;
13-11-2013;08:00:00;(massa)Concentratie nitraat in Oppervlaktewater uitgedrukt in stikstof / opgeloste fractie in mg/l;Lobith ponton;2,84;mg/l;-100;WATSGL;
27-11-2013;07:50:00;(massa)Concentratie nitraat in Oppervlaktewater uitgedrukt in stikstof / opgeloste fractie in mg/l;Lobith ponton;2,73;mg/l;-100;WATSGL;
11-12-2013;08:00:00;(massa)Concentratie nitraat in Oppervlaktewater uitgedrukt in stikstof / opgeloste fractie in mg/l;Lobith ponton;2,89;mg/l;-100;WATSGL;
23-12-2013;08:00:00;(massa)Concentratie nitraat in Oppervlaktewater uitgedrukt in stikstof / opgeloste fractie in mg/l;Lobith ponton;1,68;mg/l;-100;WATSGL;
8-1-2014;07:50:00;(massa)Concentratie nitraat in Oppervlaktewater uitgedrukt in stikstof / opgeloste fractie in mg/l;Lobith ponton;2,98;mg/l;-100;WATSGL;
22-1-2014;08:00:00;(massa)Concentratie nitraat in Oppervlaktewater uitgedrukt in stikstof / opgeloste fractie in mg/l;Lobith ponton;3,07;mg/l;-100;WATSGL;
5-2-2014;08:00:00;(massa)Concentratie nitraat in Oppervlaktewater uitgedrukt in stikstof / opgeloste fractie in mg/l;Lobith ponton;3,16;mg/l;-100;WATSGL;
19-2-2014;08:00:00;(massa)Concentratie nitraat in Oppervlaktewater uitgedrukt in stikstof / opgeloste fractie in mg/l;Lobith ponton;3,00;mg/l;-100;WATSGL;
5-3-2014;08:00:00;(massa)Concentratie nitraat in Oppervlaktewater uitgedrukt in stikstof / opgeloste fractie in mg/l;Lobith ponton;3,02;mg/l;-100;WATSGL;
19-3-2014;08:00:00;(massa)Concentratie nitraat in Oppervlaktewater uitgedrukt in stikstof / opgeloste fractie in mg/l;Lobith ponton;2,92;mg/l;-100;WATSGL;
2-4-2014;08:00:00;(massa)Concentratie nitraat in Oppervlaktewater uitgedrukt in stikstof / opgeloste fractie in mg/l;Lobith ponton;2,60;mg/l;-100;WATSGL;
16-4-2014;08:00:00;(massa)Concentratie nitraat in Oppervlaktewater uitgedrukt in stikstof / opgeloste fractie in mg/l;Lobith ponton;2,29;mg/l;-100;WATSGL;
30-4-2014;08:00:00;(massa)Concentratie nitraat in Oppervlaktewater uitgedrukt in stikstof / opgeloste fractie in mg/l;Lobith ponton;2,26;mg/l;-100;WATSGL;
14-5-2014;08:00:00;(massa)Concentratie nitraat in Oppervlaktewater uitgedrukt in stikstof / opgeloste fractie in mg/l;Lobith ponton;2,27;mg/l;-100;WATSGL;
27-5-2014;08:00:00;(massa)Concentratie nitraat in Oppervlaktewater uitgedrukt in stikstof / opgeloste fractie in mg/l;Lobith ponton;1,34;mg/l;-100;WATSGL;
11-6-2014;08:00:00;(massa)Concentratie nitraat in Oppervlaktewater uitgedrukt in stikstof / opgeloste fractie in mg/l;Lobith ponton;1,80;mg/l;-100;WATSGL;
25-6-2014;08:00:00;(massa)Concentratie nitraat in Oppervlaktewater uitgedrukt in stikstof / opgeloste fractie in mg/l;Lobith ponton;1,61;mg/l;-100;WATSGL;
9-7-2014;08:00:00;(massa)Concentratie nitraat in Oppervlaktewater uitgedrukt in stikstof / opgeloste fractie in mg/l;Lobith ponton;1,66;mg/l;-100;WATSGL;
23-7-2014;08:00:00;(massa)Concentratie nitraat in Oppervlaktewater uitgedrukt in stikstof / opgeloste fractie in mg/l;Lobith ponton;1,68;mg/l;-100;WATSGL;
6-8-2014;08:00:00;(massa)Concentratie nitraat in Oppervlaktewater uitgedrukt in stikstof / opgeloste fractie in mg/l;Lobith ponton;1,42;mg/l;-100;WATSGL;
20-8-2014;12:00:00;(massa)Concentratie nitraat in Oppervlaktewater uitgedrukt in stikstof / opgeloste fractie in mg/l;Lobith ponton;1,63;mg/l;-100;WATSGL;
3-9-2014;08:00:00;(massa)Concentratie nitraat in Oppervlaktewater uitgedrukt in stikstof / opgeloste fractie in mg/l;Lobith ponton;1,80;mg/l;-100;WATSGL;
17-9-2014;08:00:00;(massa)Concentratie nitraat in Oppervlaktewater uitgedrukt in stikstof / opgeloste fractie in mg/l;Lobith ponton;1,95;mg/l;-100;WATSGL;
1-10-2014;08:00:00;(massa)Concentratie nitraat in Oppervlaktewater uitgedrukt in stikstof / opgeloste fractie in mg/l;Lobith ponton;1,90;mg/l;-100;WATSGL;
15-10-2014;08:00:00;(massa)Concentratie nitraat in Oppervlaktewater uitgedrukt in stikstof / opgeloste fractie in mg/l;Lobith ponton;2,19;mg/l;-100;WATSGL;
29-10-2014;08:00:00;(massa)Concentratie nitraat in Oppervlaktewater uitgedrukt in stikstof / opgeloste fractie in mg/l;Lobith ponton;2,20;mg/l;-100;WATSGL;
12-11-2014;07:45:00;(massa)Concentratie nitraat in Oppervlaktewater uitgedrukt in stikstof / opgeloste fractie in mg/l;Lobith ponton;2,42;mg/l;-100;WATSGL;
26-11-2014;08:00:00;(massa)Concentratie nitraat in Oppervlaktewater uitgedrukt in stikstof / opgeloste fractie in mg/l;Lobith ponton;2,36;mg/l;-100;WATSGL;
10-12-2014;08:00:00;(massa)Concentratie nitraat in Oppervlaktewater uitgedrukt in stikstof / opgeloste fractie in mg/l;Lobith ponton;2,62;mg/l;-100;WATSGL;
23-12-2014;08:00:00;(massa)Concentratie nitraat in Oppervlaktewater uitgedrukt in stikstof / opgeloste fractie in mg/l;Lobith ponton;3,31;mg/l;-100;WATSGL;
7-1-2015;08:00:00;(massa)Concentratie nitraat in Oppervlaktewater uitgedrukt in stikstof / opgeloste fractie in mg/l;Lobith ponton;3,21;mg/l;-100;WATSGL;
21-1-2015;08:00:00;(massa)Concentratie nitraat in Oppervlaktewater uitgedrukt in stikstof / opgeloste fractie in mg/l;Lobith ponton;3,11;mg/l;-100;WATSGL;
4-2-2015;08:00:00;(massa)Concentratie nitraat in Oppervlaktewater uitgedrukt in stikstof / opgeloste fractie in mg/l;Lobith ponton;3,15;mg/l;-100;WATSGL;
18-2-2015;08:00:00;(massa)Concentratie nitraat in Oppervlaktewater uitgedrukt in stikstof / opgeloste fractie in mg/l;Lobith ponton;3,36;mg/l;-100;WATSGL;
4-3-2015;08:00:00;(massa)Concentratie nitraat in Oppervlaktewater uitgedrukt in stikstof / opgeloste fractie in mg/l;Lobith ponton;3,37;mg/l;-100;WATSGL;
18-3-2015;08:00:00;(massa)Concentratie nitraat in Oppervlaktewater uitgedrukt in stikstof / opgeloste fractie in mg/l;Lobith ponton;2,85;mg/l;-100;WATSGL;
1-4-2015;08:00:00;(massa)Concentratie nitraat in Oppervlaktewater uitgedrukt in stikstof / opgeloste fractie in mg/l;Lobith ponton;2,62;mg/l;-100;WATSGL;
15-4-2015;08:00:00;(massa)Concentratie nitraat in Oppervlaktewater uitgedrukt in stikstof / opgeloste fractie in mg/l;Lobith ponton;2,56;mg/l;-100;WATSGL;
29-4-2015;08:00:00;(massa)Concentratie nitraat in Oppervlaktewater uitgedrukt in stikstof / opgeloste fractie in mg/l;Lobith ponton;2,01;mg/l;-100;WATSGL;
12-5-2015;08:00:00;(massa)Concentratie nitraat in Oppervlaktewater uitgedrukt in stikstof / opgeloste fractie in mg/l;Lobith ponton;1,72;mg/l;-100;WATSGL;
27-5-2015;07:20:00;(massa)Concentratie nitraat in Oppervlaktewater uitgedrukt in stikstof / opgeloste fractie in mg/l;Lobith ponton;1,61;mg/l;-100;WATSGL;
10-6-2015;08:00:00;(massa)Concentratie nitraat in Oppervlaktewater uitgedrukt in stikstof / opgeloste fractie in mg/l;Lobith ponton;1,52;mg/l;-100;WATSGL;
24-6-2015;08:00:00;(massa)Concentratie nitraat in Oppervlaktewater uitgedrukt in stikstof / opgeloste fractie in mg/l;Lobith ponton;1,74;mg/l;-100;WATSGL;
8-7-2015;08:00:00;(massa)Concentratie nitraat in Oppervlaktewater uitgedrukt in stikstof / opgeloste fractie in mg/l;Lobith ponton;1,31;mg/l;-100;WATSGL;
22-7-2015;08:00:00;(massa)Concentratie nitraat in Oppervlaktewater uitgedrukt in stikstof / opgeloste fractie in mg/l;Lobith ponton;1,51;mg/l;-100;WATSGL;
5-8-2015;08:00:00;(massa)Concentratie nitraat in Oppervlaktewater uitgedrukt in stikstof / opgeloste fractie in mg/l;Lobith ponton;1,58;mg/l;-100;WATSGL;
19-8-2015;07:45:00;(massa)Concentratie nitraat in Oppervlaktewater uitgedrukt in stikstof / opgeloste fractie in mg/l;Lobith ponton;1,83;mg/l;-100;WATSGL;
2-9-2015;08:00:00;(massa)Concentratie nitraat in Oppervlaktewater uitgedrukt in stikstof / opgeloste fractie in mg/l;Lobith ponton;1,67;mg/l;-100;WATSGL;
16-9-2015;07:45:00;(massa)Concentratie nitraat in Oppervlaktewater uitgedrukt in stikstof / opgeloste fractie in mg/l;Lobith ponton;1,94;mg/l;-100;WATSGL;
30-9-2015;08:00:00;(massa)Concentratie nitraat in Oppervlaktewater uitgedrukt in stikstof / opgeloste fractie in mg/l;Lobith ponton;1,87;mg/l;-100;WATSGL;
14-10-2015;08:00:00;(massa)Concentratie nitraat in Oppervlaktewater uitgedrukt in stikstof / opgeloste fractie in mg/l;Lobith ponton;1,96;mg/l;-100;WATSGL;
28-10-2015;08:00:00;(massa)Concentratie nitraat in Oppervlaktewater uitgedrukt in stikstof / opgeloste fractie in mg/l;Lobith ponton;2,20;mg/l;-100;WATSGL;
11-11-2015;08:00:00;(massa)Concentratie nitraat in Oppervlaktewater uitgedrukt in stikstof / opgeloste fractie in mg/l;Lobith ponton;2,35;mg/l;-100;WATSGL;
25-11-2015;08:00:00;(massa)Concentratie nitraat in Oppervlaktewater uitgedrukt in stikstof / opgeloste fractie in mg/l;Lobith ponton;3,12;mg/l;-100;WATSGL;
9-12-2015;08:00:00;(massa)Concentratie nitraat in Oppervlaktewater uitgedrukt in stikstof / opgeloste fractie in mg/l;Lobith ponton;3,21;mg/l;-100;WATSGL;
23-12-2015;07:45:00;(massa)Concentratie nitraat in Oppervlaktewater uitgedrukt in stikstof / opgeloste fractie in mg/l;Lobith ponton;3,36;mg/l;-100;WATSGL;
6-1-2016;08:00:00;(massa)Concentratie nitraat in Oppervlaktewater uitgedrukt in stikstof / opgeloste fractie in mg/l;Lobith ponton;3,44;mg/l;-100;WATSGL;
20-1-2016;08:00:00;(massa)Concentratie nitraat in Oppervlaktewater uitgedrukt in stikstof / opgeloste fractie in mg/l;Lobith ponton;3,60;mg/l;-100;WATSGL;
3-2-2016;08:00:00;(massa)Concentratie nitraat in Oppervlaktewater uitgedrukt in stikstof / opgeloste fractie in mg/l;Lobith ponton;3,99;mg/l;-100;WATSGL;
17-2-2016;08:10:00;(massa)Concentratie nitraat in Oppervlaktewater uitgedrukt in stikstof / opgeloste fractie in mg/l;Lobith ponton;3,18;mg/l;-100;WATSGL;
2-3-2016;08:00:00;(massa)Concentratie nitraat in Oppervlaktewater uitgedrukt in stikstof / opgeloste fractie in mg/l;Lobith ponton;2,93;mg/l;-100;WATSGL;
16-3-2016;08:00:00;(massa)Concentratie nitraat in Oppervlaktewater uitgedrukt in stikstof / opgeloste fractie in mg/l;Lobith ponton;3,09;mg/l;-100;WATSGL;
30-3-2016;08:00:00;(massa)Concentratie nitraat in Oppervlaktewater uitgedrukt in stikstof / opgeloste fractie in mg/l;Lobith ponton;3,14;mg/l;-100;WATSGL;
13-4-2016;08:00:00;(massa)Concentratie nitraat in Oppervlaktewater uitgedrukt in stikstof / opgeloste fractie in mg/l;Lobith ponton;2,80;mg/l;-100;WATSGL;
28-4-2016;08:00:00;(massa)Concentratie nitraat in Oppervlaktewater uitgedrukt in stikstof / opgeloste fractie in mg/l;Lobith ponton;2,42;mg/l;-100;WATSGL;
11-5-2016;08:00:00;(massa)Concentratie nitraat in Oppervlaktewater uitgedrukt in stikstof / opgeloste fractie in mg/l;Lobith ponton;2,21;mg/l;-100;WATSGL;
25-5-2016;07:45:00;(massa)Concentratie nitraat in Oppervlaktewater uitgedrukt in stikstof / opgeloste fractie in mg/l;Lobith ponton;2,05;mg/l;-100;WATSGL;
8-6-2016;08:00:00;(massa)Concentratie nitraat in Oppervlaktewater uitgedrukt in stikstof / opgeloste fractie in mg/l;Lobith ponton;2,48;mg/l;-100;WATSGL;
22-6-2016;08:00:00;(massa)Concentratie nitraat in Oppervlaktewater uitgedrukt in stikstof / opgeloste fractie in mg/l;Lobith ponton;1,93;mg/l;-100;WATSGL;
6-7-2016;08:00:00;(massa)Concentratie nitraat in Oppervlaktewater uitgedrukt in stikstof / opgeloste fractie in mg/l;Lobith ponton;1,91;mg/l;-100;WATSGL;
20-7-2016;07:45:00;(massa)Concentratie nitraat in Oppervlaktewater uitgedrukt in stikstof / opgeloste fractie in mg/l;Lobith ponton;1,85;mg/l;-100;WATSGL;
3-8-2016;08:00:00;(massa)Concentratie nitraat in Oppervlaktewater uitgedrukt in stikstof / opgeloste fractie in mg/l;Lobith ponton;1,83;mg/l;-100;WATSGL;
17-8-2016;07:45:00;(massa)Concentratie nitraat in Oppervlaktewater uitgedrukt in stikstof / opgeloste fractie in mg/l;Lobith ponton;1,66;mg/l;-100;WATSGL;
31-8-2016;08:00:00;(massa)Concentratie nitraat in Oppervlaktewater uitgedrukt in stikstof / opgeloste fractie in mg/l;Lobith ponton;1,71;mg/l;-100;WATSGL;
14-9-2016;07:30:00;(massa)Concentratie nitraat in Oppervlaktewater uitgedrukt in stikstof / opgeloste fractie in mg/l;Lobith ponton;1,80;mg/l;-100;WATSGL;
28-9-2016;08:00:00;(massa)Concentratie nitraat in Oppervlaktewater uitgedrukt in stikstof / opgeloste fractie in mg/l;Lobith ponton;1,99;mg/l;-100;WATSGL;
12-10-2016;07:50:00;(massa)Concentratie nitraat in Oppervlaktewater uitgedrukt in stikstof / opgeloste fractie in mg/l;Lobith ponton;2,35;mg/l;-100;WATSGL;
26-10-2016;07:30:00;(massa)Concentratie nitraat in Oppervlaktewater uitgedrukt in stikstof / opgeloste fractie in mg/l;Lobith ponton;2,70;mg/l;-100;WATSGL;
9-11-2016;08:00:00;(massa)Concentratie nitraat in Oppervlaktewater uitgedrukt in stikstof / opgeloste fractie in mg/l;Lobith ponton;2,85;mg/l;-100;WATSGL;
23-11-2016;08:00:00;(massa)Concentratie nitraat in Oppervlaktewater uitgedrukt in stikstof / opgeloste fractie in mg/l;Lobith ponton;2,80;mg/l;-100;WATSGL;
7-12-2016;07:30:00;(massa)Concentratie nitraat in Oppervlaktewater uitgedrukt in stikstof / opgeloste fractie in mg/l;Lobith ponton;3,13;mg/l;-100;WATSGL;
21-12-2016;07:50:00;(massa)Concentratie nitraat in Oppervlaktewater uitgedrukt in stikstof / opgeloste fractie in mg/l;Lobith ponton;3,32;mg/l;-100;WATSGL;
4-1-2017;08:00:00;(massa)Concentratie nitraat in Oppervlaktewater uitgedrukt in stikstof / opgeloste fractie in mg/l;Lobith ponton;3,31;mg/l;-100;WATSGL;
18-1-2017;08:00:00;(massa)Concentratie nitraat in Oppervlaktewater uitgedrukt in stikstof / opgeloste fractie in mg/l;Lobith ponton;3,71;mg/l;-100;WATSGL;
1-2-2017;07:40:00;(massa)Concentratie nitraat in Oppervlaktewater uitgedrukt in stikstof / opgeloste fractie in mg/l;Lobith ponton;3,41;mg/l;-100;WATSGL;
15-2-2017;08:00:00;(massa)Concentratie nitraat in Oppervlaktewater uitgedrukt in stikstof / opgeloste fractie in mg/l;Lobith ponton;3,80;mg/l;-100;WATSGL;
1-3-2017;07:45:00;(massa)Concentratie nitraat in Oppervlaktewater uitgedrukt in stikstof / opgeloste fractie in mg/l;Lobith ponton;4,82;mg/l;-100;WATSGL;
15-3-2017;07:45:00;(massa)Concentratie nitraat in Oppervlaktewater uitgedrukt in stikstof / opgeloste fractie in mg/l;Lobith ponton;3,57;mg/l;-100;WATSGL;
29-3-2017;08:00:00;(massa)Concentratie nitraat in Oppervlaktewater uitgedrukt in stikstof / opgeloste fractie in mg/l;Lobith ponton;2,77;mg/l;-100;WATSGL;
12-4-2017;08:00:00;(massa)Concentratie nitraat in Oppervlaktewater uitgedrukt in stikstof / opgeloste fractie in mg/l;Lobith ponton;2,45;mg/l;-100;WATSGL;
25-4-2017;07:45:00;(massa)Concentratie nitraat in Oppervlaktewater uitgedrukt in stikstof / opgeloste fractie in mg/l;Lobith ponton;2,24;mg/l;-100;WATSGL;
10-5-2017;08:00:00;(massa)Concentratie nitraat in Oppervlaktewater uitgedrukt in stikstof / opgeloste fractie in mg/l;Lobith ponton;2,64;mg/l;-100;WATSGL;
23-5-2017;07:40:00;(massa)Concentratie nitraat in Oppervlaktewater uitgedrukt in stikstof / opgeloste fractie in mg/l;Lobith ponton;2,07;mg/l;-100;WATSGL;
7-6-2017;08:00:00;(massa)Concentratie nitraat in Oppervlaktewater uitgedrukt in stikstof / opgeloste fractie in mg/l;Lobith ponton;1,59;mg/l;-100;WATSGL;
21-6-2017;08:00:00;(massa)Concentratie nitraat in Oppervlaktewater uitgedrukt in stikstof / opgeloste fractie in mg/l;Lobith ponton;1,53;mg/l;-100;WATSGL;
5-7-2017;07:45:00;(massa)Concentratie nitraat in Oppervlaktewater uitgedrukt in stikstof / opgeloste fractie in mg/l;Lobith ponton;1,61;mg/l;-100;WATSGL;
19-7-2017;07:45:00;(massa)Concentratie nitraat in Oppervlaktewater uitgedrukt in stikstof / opgeloste fractie in mg/l;Lobith ponton;1,51;mg/l;-100;WATSGL;
2-8-2017;07:45:00;(massa)Concentratie nitraat in Oppervlaktewater uitgedrukt in stikstof / opgeloste fractie in mg/l;Lobith ponton;1,71;mg/l;-100;WATSGL;
16-8-2017;08:00:00;(massa)Concentratie nitraat in Oppervlaktewater uitgedrukt in stikstof / opgeloste fractie in mg/l;Lobith ponton;1,92;mg/l;-100;WATSGL;
30-8-2017;08:00:00;(massa)Concentratie nitraat in Oppervlaktewater uitgedrukt in stikstof / opgeloste fractie in mg/l;Lobith ponton;1,65;mg/l;-100;WATSGL;
13-9-2017;07:45:00;(massa)Concentratie nitraat in Oppervlaktewater uitgedrukt in stikstof / opgeloste fractie in mg/l;Lobith ponton;1,89;mg/l;-100;WATSGL;
27-9-2017;12:00:00;(massa)Concentratie nitraat in Oppervlaktewater uitgedrukt in stikstof / opgeloste fractie in mg/l;Lobith ponton;2,51;mg/l;-100;WATSGL;
11-10-2017;08:00:00;(massa)Concentratie nitraat in Oppervlaktewater uitgedrukt in stikstof / opgeloste fractie in mg/l;Lobith ponton;2,20;mg/l;-100;WATSGL;
25-10-2017;08:00:00;(massa)Concentratie nitraat in Oppervlaktewater uitgedrukt in stikstof / opgeloste fractie in mg/l;Lobith ponton;2,14;mg/l;-100;WATSGL;
8-11-2017;07:45:00;(massa)Concentratie nitraat in Oppervlaktewater uitgedrukt in stikstof / opgeloste fractie in mg/l;Lobith ponton;2,39;mg/l;-100;WATSGL;
22-11-2017;08:00:00;(massa)Concentratie nitraat in Oppervlaktewater uitgedrukt in stikstof / opgeloste fractie in mg/l;Lobith ponton;2,91;mg/l;-100;WATSGL;
6-12-2017;07:45:00;(massa)Concentratie nitraat in Oppervlaktewater uitgedrukt in stikstof / opgeloste fractie in mg/l;Lobith ponton;3,43;mg/l;-100;WATSGL;
20-12-2017;08:00:00;(massa)Concentratie nitraat in Oppervlaktewater uitgedrukt in stikstof / opgeloste fractie in mg/l;Lobith ponton;3,42;mg/l;-100;WATSGL;
